place,place_address,station_name,station_address,distance
Instalación Deportiva  Básica Embalse de San Juan,CALLE EMBALSE DE SAN JUAN 1,Pavones,Calle Hacienda de Pavones nº 342,5207.96
Instalación Deportiva Básica Alto del Retiro,CALLE ALTO DEL RETIRO 13 c/v calle Antonio Gades,Pavones,Calle Hacienda de Pavones nº 342,5360.87
Instalación Deportiva Básica Avenida de Cerro Milano,AVENIDA CERRO MILANO 1,Pavones,Calle Hacienda de Pavones nº 342,3788.53
Instalación Deportiva Básica Avenida de las Suertes,AVENIDA avenida de las Suertes ,Pavones,Calle Hacienda de Pavones nº 342,3849.47
Instalación Deportiva Básica Avenida del Ensanche de Vallecas,AVENIDA ENSANCHE DE VALLECAS 11,Pavones,Calle Hacienda de Pavones nº 342,3849.47
Instalación Deportiva Básica Avenida del Mediterráneo,INST. DEPORTIVA BASICA LUIS MITJANS ,Valderribas,Calle Doctor Esquerdo nº 191,284.64
Instalación Deportiva Básica Camino de la Suerte,CAMINO SUERTE 25,Pavones,Calle Hacienda de Pavones nº 342,3097.01
Instalación Deportiva Básica Circuito de Automodelismo,CALLE NAVAMURES 2,Pavones,Calle Hacienda de Pavones nº 342,3131.64
Instalación Deportiva Básica Colonia Vilda,CALLE PUENTELARRA 1 c/v Avda. Sta. Eugenia,Pavones,Calle Hacienda de Pavones nº 342,2917.99
Instalación Deportiva Básica Eduardo Chillida,CALLE EDUARDO CHILLIDA 1,Pavones,Calle Hacienda de Pavones nº 342,5901.94
Instalación Deportiva Básica Jardines de José Luis Sampedro (junto al Centro Cultural Galileo),JARDIN JOSE LUIS SAMPEDRO ,Fernando el Católico,Calle Fernando el Católico nº 19,201.29
Instalación Deportiva Básica Jardines del Teniente Alcalde,CALLE Jardines del Teniente Alcalde 49,Canal,Calle José Abascal frente al nº 2,86.55
Instalación Deportiva Básica La Unión,"CALLE ENRIQUE GARCIA ALVAREZ 58 c/v Diego Olivera Victorio, 1",Pavones,Calle Hacienda de Pavones nº 342,2515.86
Instalación Deportiva Básica Nuestra Señora de la Torre,TRAVESIA PUERTO DE REINOSA 2,Pavones,Calle Hacienda de Pavones nº 342,2893.62
Instalación Deportiva Básica P.A.R. Castrillo de Aza,AVENIDA SANTA EUGENIA 1,Pavones,Calle Hacienda de Pavones nº 342,2702.08
Instalación Deportiva Básica Parkour,AVENIDA LA GAVIA 39,Pavones,Calle Hacienda de Pavones nº 342,3811.77
Instalación Deportiva Básica Parque Real de Arganda,CALLE REAL DE ARGANDA 45,Pavones,Calle Hacienda de Pavones nº 342,2848.29
Instalación Deportiva Básica Parque Santa Eugenia,CALLE ZAZUAR 12,Pavones,Calle Hacienda de Pavones nº 342,3063.76
Instalación Deportiva Básica Parque Villa de Vallecas,CALLE PUERTO DE PORZUNA 50,Pavones,Calle Hacienda de Pavones nº 342,3165.25
Instalación Deportiva Básica Parque de Enrique Herreros,CALLE BRAVO MURILLO 49,Canal,Calle José Abascal frente al nº 2,86.55
Instalación Deportiva Básica Parque del Cementerio,CALLE MONTES DE BARBANZA 15,Pavones,Calle Hacienda de Pavones nº 342,2923.54
Instalación Deportiva Básica Parroquia Santa Eugenia,CALLE VIRGEN DE LAS VI&amp;Ntilde;AS 15,Pavones,Calle Hacienda de Pavones nº 342,3171.26
Instalación Deportiva Básica Peñaranda de Bracamonte,CALLE PEÑARANDA DE BRACAMONTE 4,Pavones,Calle Hacienda de Pavones nº 342,3791.58
Instalación Deportiva Básica Pista de Patinaje,CALLE PUERTO DE PORZUNA,Pavones,Calle Hacienda de Pavones nº 342,3165.25
Instalación Deportiva Básica Poza de la Sal,CALLE POZA DE LA SAL 2,Pavones,Calle Hacienda de Pavones nº 342,3569.81
Instalación Deportiva Básica Puentelarra,CALLE PUENTELARRA 12,Pavones,Calle Hacienda de Pavones nº 342,2875.95
Instalación Deportiva Básica Puerto Lumbreras,INST. DEPORTIVA BASICA POZA DE LA SAL ,Pavones,Calle Hacienda de Pavones nº 342,3553.18
Instalación Deportiva Básica Rocódromo,AVENIDA LA GAVIA 4 c/v Avenida Cerro Milano,Pavones,Calle Hacienda de Pavones nº 342,3405.17
Instalación Deportiva Básica Santa Eugenia,CALLE CERRO DE ALMODOVAR 11,Pavones,Calle Hacienda de Pavones nº 342,3599.08
Instalación Deportiva Básica Skate Real de Arganda,CALLE REAL DE ARGANDA 49,Pavones,Calle Hacienda de Pavones nº 342,2848.29
Instalación Deportiva Básica Stela Maris,CALLE PEÑARANDA DE BRACAMONTE 4,Pavones,Calle Hacienda de Pavones nº 342,3791.58
Instalación Deportiva Municipal Básica Abrantes - Colonia Velázquez,AVENIDA ABRANTES 297,Marqués de Vadillo,Glorieta Marqués de Vadillo nº 9,3022.08
Instalación Deportiva Municipal Básica Acuario,CALLE MISTRAL 1,Carlota O’Neill,Calle Carlota O'Neill nº 32,5383.89
Instalación Deportiva Municipal Básica Alameda de Osuna I,CALLE BALANDRO 1,Gutierre de Cetina,Calle Gutierre de Cetina nº 77,4894.35
Instalación Deportiva Municipal Básica Alas,CALLE ALAS 2,Carlota O’Neill,Calle Carlota O'Neill nº 32,6276.73
Instalación Deportiva Municipal Básica Albaicín,CALLE ALBAICIN 19 Orcasur,Glorieta de Cádiz,Calle Antonio López nº 129,2316.72
Instalación Deportiva Municipal Básica Albaida,CALLE ALBAIDA S/N Parque de San Blas,Gutierre de Cetina,Calle Gutierre de Cetina nº 77,1779.49
Instalación Deportiva Municipal Básica Alcalde Martín de Alzaga,CALLE ALCALDE MARTIN DE ALZAGA S/N,Francos Rodríguez,Calle Francos Rodríguez nº 62,975.38
Instalación Deportiva Municipal Básica Alerce,CALLE ALERCE 31 Junto M-40,Glorieta de Cádiz,Calle Antonio López nº 129,2685.98
Instalación Deportiva Municipal Básica Alfonso XIII,"AVENIDA ALFONSO XIII c/v SANTA MARÍA MAGDALENA, 2 136 c/v Santa María Magdalena, 2",Colombia,Calle Colombia nº 7,677.14
Instalación Deportiva Municipal Básica Alhaurín,CALLE ALHAURIN 4,Carlota O’Neill,Calle Carlota O'Neill nº 32,6298.69
Instalación Deportiva Municipal Básica Alicún,CALLE ALICUN 24,Manuel Caldeiro,Paseo de la Castellana nº 298,2026.4
Instalación Deportiva Municipal Básica Aliseda,CALLE ALISEDA c/v Real Betis,Marqués de Vadillo,Glorieta Marqués de Vadillo nº 9,3266.24
Instalación Deportiva Municipal Básica Almudena,CALLE NICOLAS SALMERON 8,Gutierre de Cetina,Calle Gutierre de Cetina nº 77,1520.99
Instalación Deportiva Municipal Básica Ambulatorio (El Paraiso),CALLE AJOFRIN s/n,Gutierre de Cetina,Calle Gutierre de Cetina nº 77,1374.94
Instalación Deportiva Municipal Básica Americio,CALLE AMERICIO s/n,Embajadores 191,Calle Sodio nº 1B,3727.75
Instalación Deportiva Municipal Básica Ana Tutor,AVENIDA CARDENAL HERRERA ORIA 216,Pedro Rico,Calle Pedro Rico nº 4,1100.11
Instalación Deportiva Municipal Básica Andévalo,CALLE ANDEVALO 6 Aparcamiento,Concordia,Calle Arroyo del Olivar nº 6,2168.75
Instalación Deportiva Municipal Básica Anfevi,CALLE HACIENDA DE PAVONES 127 Posterior,Pavones,Calle Hacienda de Pavones nº 342,576.71
Instalación Deportiva Municipal Básica Aniceto Marinas,CALLE ANICETO MARINAS 106,Paseo de Moret,Paseo de Moret nº 11,774.2
Instalación Deportiva Municipal Básica Antonio Machado,CALLE ANTONIO MACHADO 14 Posterior,Francos Rodríguez,Calle Francos Rodríguez nº 62,1397.8
Instalación Deportiva Municipal Básica Antonio Pirala,CALLE ANTONIO PIRALA s/n,Puente de Ventas,Avenida de Daroca nº 2,73.08
Instalación Deportiva Municipal Básica Arcaute,AVENIDA INVIERNO 1,Gutierre de Cetina,Calle Gutierre de Cetina nº 77,5656.38
Instalación Deportiva Municipal Básica Arcos de Jalón,CALLE ARCOS DE JALON s/n c/v Albericia,Gutierre de Cetina,Calle Gutierre de Cetina nº 77,2205.45
Instalación Deportiva Municipal Básica Arequipa,CALLE AREQUIPA 12,Carlota O’Neill,Calle Carlota O'Neill nº 32,2923.1
Instalación Deportiva Municipal Básica Arganda,CALLE ARGANDA 10,Madrid Río-Yeserías,Paseo de Yeserías nº 45,325.22
Instalación Deportiva Municipal Básica Arjona,CALLE CONCEJAL FRANCISCO JOSE JIMENEZ MARTIN 11,Caramuel,Calle Caramuel nº 51,1984.67
Instalación Deportiva Municipal Básica Arriaga,AVENIDA DAROCA 95,Gutierre de Cetina,Calle Gutierre de Cetina nº 77,533.67
Instalación Deportiva Municipal Básica Arroyo Belincoso,AVENIDA DOCTOR GARCIA TAPIA 76 c/v calle Arroyo Belincoso,Marroquina,Calle Camino de los Vinateros nº 108,573.61
Instalación Deportiva Municipal Básica Arroyo Fontarrón,CALLE ARROYO FONTARRON 381,Pavones,Calle Hacienda de Pavones nº 342,550.32
Instalación Deportiva Municipal Básica Arroyo Media Legua,INST. DEPORTIVA BASICA ARROYO DE LA MEDIA LEGUA ,Marqués de Corbera 52,Avenida Marqués de Corbera nº 52,459.5
Instalación Deportiva Municipal Básica Arroyo de Opañel,CALLE ARROYO OPAÑEL 12,San Delfín,Calle San Delfín nº 9,1060.72
Instalación Deportiva Municipal Básica Aster - Lirios,AVENIDA ALFONSO XIII (posterior) 126 Posterior,Colombia,Calle Colombia nº 7,786.36
Instalación Deportiva Municipal Básica Auditorio de Chamartín,PLAZA JOAQUIN RODRIGO 1,María Francisca 1,Calle María Francisca nº 1,191.89
Instalación Deportiva Municipal Básica Auditorio de Moratalaz,CALLE HACIENDA DE PAVONES 209,Pavones,Calle Hacienda de Pavones nº 342,242.32
Instalación Deportiva Municipal Básica Avenida Moratalaz M-30,"CALLE RAMON ARECES 1 frente Avda. Moratalaz, 13",Camino Vinateros,Calle Camino de los Vinateros nº 28,483.35
Instalación Deportiva Municipal Básica Avenida San Luis I,AVENIDA SAN LUIS (frentealnº86),Pío XII,Avenida Pío XII nº 3,2241.16
Instalación Deportiva Municipal Básica Avenida de Brasil,AVENIDA BRASIL 19 c/v C/ General Yagüe,San Germán 5,Calle San Germán nº 5,139.68
Instalación Deportiva Municipal Básica Ayacucho,CALLE NEVADO DEL RUIZ 2,Carlota O’Neill,Calle Carlota O'Neill nº 32,3124.1
Instalación Deportiva Municipal Básica Bacares (Rocódromo),CALLE BACARES 9,Chamartín,Calle Rodríguez Jaén nº 40,1892.58
Instalación Deportiva Municipal Básica Bacares (fútbol),CALLE BACARES 27,Chamartín,Calle Rodríguez Jaén nº 40,1818.86
Instalación Deportiva Municipal Básica Bahía de Santander II,CALLE BAHIA DE SANTANDER 64,Carlota O’Neill,Calle Carlota O'Neill nº 32,5218.13
Instalación Deportiva Municipal Básica Barceló,PLAZA BARCELO S/N,Barceló,Calle Barceló nº 7,88.61
Instalación Deportiva Municipal Básica Barrio El Querol - Spartac de Manoteras,CALLE TIJOLA 1,Manuel Caldeiro,Paseo de la Castellana nº 298,2209.12
Instalación Deportiva Municipal Básica Barrio Goya,CALLE SEPULVEDA 9,Caramuel,Calle Caramuel nº 51,998.34
Instalación Deportiva Municipal Básica Barrio IV,CALLE LUIS DE HOYOS SAINZ 150,Pavones,Calle Hacienda de Pavones nº 342,265.88
Instalación Deportiva Municipal Básica Barrio de Las Cárcavas,CAMINO MONTORO 4,Carlota O’Neill,Calle Carlota O'Neill nº 32,4277.63
Instalación Deportiva Municipal Básica Barrio de Las Cárcavas- Aurora Redondo,CALLE RAFAELA APARICIO 3,Carlota O’Neill,Calle Carlota O'Neill nº 32,4223.35
Instalación Deportiva Municipal Básica Barrio de Santa Ana - Andrés Navarrete,CALLE HOSPITALET DE LLOBREGAT 11,Pedro Rico,Calle Pedro Rico nº 4,1583.71
Instalación Deportiva Municipal Básica Barrio del Aeropuerto,CALLE MEDINA DE POMAR 14,Gutierre de Cetina,Calle Gutierre de Cetina nº 77,5351.38
Instalación Deportiva Municipal Básica Baterías - Barrio Alegría,"CALLE JUAN PÉREZ ZÚÑIGA s/n Baterías, 2",Carlota O’Neill,Calle Carlota O'Neill nº 32,269.25
Instalación Deportiva Municipal Básica Belzunegui,CALLE BELZUNEGUI  c/v Berrioplana,Marqués de Vadillo,Glorieta Marqués de Vadillo nº 9,3221.21
Instalación Deportiva Municipal Básica Boston,CALLE BOSTON 1,Camilo José Cela,Avenida de Camilo José Cela nº 23,108.6
Instalación Deportiva Municipal Básica Briviesca,CALLE BRIVIESCA 4,Manuel Caldeiro,Paseo de la Castellana nº 298,1607.72
Instalación Deportiva Municipal Básica Brujas,CALLE BRUJAS 32 esquina C/ Hacienda de Pavones,Pavones,Calle Hacienda de Pavones nº 342,544.9
Instalación Deportiva Municipal Básica Brunete,CALLE BRUNETE 1,Facultad Derecho,Avenida Complutense nº 23,8203.5
Instalación Deportiva Municipal Básica Burgo de Osma,CALLE BURGO DE OSMA 5,Pío XII,Avenida Pío XII nº 3,1562.09
Instalación Deportiva Municipal Básica Burgos,AVENIDA BURGOS 18B ,Chamartín,Calle Rodríguez Jaén nº 40,848.98
Instalación Deportiva Municipal Básica C. F. Nuestra Señora del Buen Camino,GLORIETA RIO ZANCARA 1,Facultad Derecho,Avenida Complutense nº 23,4254.85
Instalación Deportiva Municipal Básica C.P. Aragón,CALLE ANTONIO MAIRENA 23,Pavones,Calle Hacienda de Pavones nº 342,1016.35
Instalación Deportiva Municipal Básica Calanda,CALLE CALANDA 30,Carlota O’Neill,Calle Carlota O'Neill nº 32,2179.53
Instalación Deportiva Municipal Básica Caleruega,CALLE CALERUEGA 52,Manuel Caldeiro,Paseo de la Castellana nº 298,1175.99
Instalación Deportiva Municipal Básica Camino Viejo de Leganés,CALLE CAMINO VIEJO DE LEGANES S/N Carrero Juan Ramón,Marqués de Vadillo,Glorieta Marqués de Vadillo nº 9,2272.48
Instalación Deportiva Municipal Básica Campo de Fútbol San Martín de Porres,PASEO ERMITA DEL SANTO S/N Parque de San Isidro,Ermita Santo,Paseo de la Ermita del Santo nº 48,1079.64
Instalación Deportiva Municipal Básica Campo de Fútbol Tierra,AVENIDA DOCTOR GARCIA TAPIA 113,Marroquina,Calle Camino de los Vinateros nº 108,489.88
Instalación Deportiva Municipal Básica Campo de fútbol de la A. D. Orcasitas,AVENIDA RAFAELA YBARRA 119,Glorieta de Cádiz,Calle Antonio López nº 129,2620.17
Instalación Deportiva Municipal Básica Canal de Panamá,CALLE CANAL DE PANAMA S/N,Derechos Humanos,Calle Derechos Humanos nº 12,350.35
Instalación Deportiva Municipal Básica Canillas - Club Deportivo Canillas,CALLE AGUSTIN DE ITURBIDE 1,Pío XII,Avenida Pío XII nº 3,2571.28
Instalación Deportiva Municipal Básica Carlos II,"CALLE CARLOS II 4 con Austria, 5",Gutierre de Cetina,Calle Gutierre de Cetina nº 77,2833.36
Instalación Deportiva Municipal Básica Carlos Solé,CALLE CARLOS SOLE 19,Sierra Toledana,Camino de Valderribas nº 94,1236.25
Instalación Deportiva Municipal Básica Carmen Amaya,AVENIDA DOCTOR GARCIA TAPIA 28-30,Marroquina,Calle Camino de los Vinateros nº 108,573.61
Instalación Deportiva Municipal Básica Caronte,CALLE CARONTE 4,Marqués de Vadillo,Glorieta Marqués de Vadillo nº 9,463.9
Instalación Deportiva Municipal Básica Carril del Conde,"CALLE CARRIL DEL CONDE C/V CALLE DEL PUERTO REAL, 7 ",Condesa de Venadito,Calle Condesa de Venadito nº 2,1696.55
Instalación Deportiva Municipal Básica Carrión de los Condes,PLAZA TEMPLARIOS 4,Chamartín,Calle Rodríguez Jaén nº 40,2081.08
Instalación Deportiva Municipal Básica Casa Campo,PARQUE CASA DE CAMPO s/n Explanada de la Casa de Campo,Puerta del Ángel,Plaza Puerta del Ángel nº 4,841.73
Instalación Deportiva Municipal Básica Casa Campo I Lago,PARQUE CASA DE CAMPO s/n Explanada junto al lago,Puerta del Ángel,Plaza Puerta del Ángel nº 4,567.34
Instalación Deportiva Municipal Básica Casa Campo II Teleférico,PARQUE CASA DE CAMPO s/n Subida al teleférico-Pza. Casón,Puerta del Ángel,Plaza Puerta del Ángel nº 4,1140.91
Instalación Deportiva Municipal Básica Casa Campo III,PARQUE CASA CAMPO S/N Paseo Piñoneros - junto a pirámide,Paseo de Moret,Paseo de Moret nº 11,1102.68
Instalación Deportiva Municipal Básica Casa Campo IV,PARQUE CASA CAMPO S/N Junto a la M-30 a la altura del C.D.M. José María Cagigal,INEF,Avenida Juan de Herrera frente a la calle Paul Guinard,1113.87
Instalación Deportiva Municipal Básica Casalarreina,CALLE CASALARREINA 28,Pavones,Calle Hacienda de Pavones nº 342,1981.65
Instalación Deportiva Municipal Básica Casino de la Reina,CALLE CASINO 3,Embajadores 2,Glorieta de Embajadores nº 2,228.11
Instalación Deportiva Municipal Básica Castroserna,CALLE CASTROSERNA 2,Caramuel,Calle Caramuel nº 51,1916.38
Instalación Deportiva Municipal Básica Cazorla,CALLE IBROS 3,Concordia,Calle Arroyo del Olivar nº 6,2000.86
Instalación Deportiva Municipal Básica Cementerio Civil,AVENIDA DAROCA 101,Gutierre de Cetina,Calle Gutierre de Cetina nº 77,1223.87
Instalación Deportiva Municipal Básica Cerro Blanco,"CALLE ALBARDIN C/V CALLE CERRO BLANCO, 30 7 c/v Cerro Blanco, 30",Glorieta de Cádiz,Calle Antonio López nº 129,1705.22
Instalación Deportiva Municipal Básica Cerro Cabezuelos,CALLE VILLALOBOS 46,Concordia,Calle Arroyo del Olivar nº 6,1959.16
Instalación Deportiva Municipal Básica Cerro Negro,CALLE CERRO NEGRO 5,Puente de Vallecas,Avenida de la Albufera nº 6,247.88
Instalación Deportiva Municipal Básica Circuito Natural Footing Retiro,PARQUE EL RETIRO ,Antonio Maura,Calle Antonio Maura nº 15,170.62
Instalación Deportiva Municipal Básica Circuito de Footing Casa de Campo,PARQUE CASA DE CAMPO ,Puerta del Ángel,Plaza Puerta del Ángel nº 4,844.53
Instalación Deportiva Municipal Básica Ciudad Pegaso I,CALLE UNO S/N,Gutierre de Cetina,Calle Gutierre de Cetina nº 77,4517.1
Instalación Deportiva Municipal Básica Ciudad Pegaso II,CALLE SEIS S/N,Gutierre de Cetina,Calle Gutierre de Cetina nº 77,4441.23
Instalación Deportiva Municipal Básica Ciudad Pegaso III,CALLE ONCE S/N,Gutierre de Cetina,Calle Gutierre de Cetina nº 77,4310.6
Instalación Deportiva Municipal Básica Ciudad de Los Ángeles,CALLE ANOETA S/N Parque ciudad de los Ángeles,Glorieta de Cádiz,Calle Antonio López nº 129,4018.7
Instalación Deportiva Municipal Básica Clara del Rey,CALLE CLARA DEL REY 61,Corazón de María,Calle Santa Hortensia nº 31,285.74
Instalación Deportiva Municipal Básica Club de Petanca Esperanza de Canilllas,CALLE SILVANO 63 c/v Andorra,Carlota O’Neill,Calle Carlota O'Neill nº 32,1831.99
Instalación Deportiva Municipal Básica Club de Petanca Peonias,CALLE PEONIAS 2,Carlota O’Neill,Calle Carlota O'Neill nº 32,2738.22
Instalación Deportiva Municipal Básica Cocheras (Ciudad Lineal),CALLE SAN LAMBERTO s/n,Marqués de Corbera 52,Avenida Marqués de Corbera nº 52,440.12
Instalación Deportiva Municipal Básica Cocheras (Retiro),CALLE COCHERAS 1,Pedro Bosch,Calle Cerro de la Plata nº 2,161.25
Instalación Deportiva Municipal Básica Colombia,CALLE COLOMBIA 59,Colombia,Calle Colombia nº 7,605.77
Instalación Deportiva Municipal Básica Colonia Euskalduna,CALLE HERMANDAD DE DONANTES DE SANGRE 7,Glorieta de Cádiz,Calle Antonio López nº 129,3823.12
Instalación Deportiva Municipal Básica Colonia Marconi,AVENIDA MARCONI s/n,Glorieta de Cádiz,Calle Antonio López nº 129,6146.63
Instalación Deportiva Municipal Básica Colonia San Cristóbal de Los Ángeles,CALLE ROCAFORT s/n Detrás de E. I. Los Pinos.,Embajadores 191,Calle Sodio nº 1B,5356.51
Instalación Deportiva Municipal Básica Colonia Sierra del Valle,CALLE PAYASO FOFO 9,Concordia,Calle Arroyo del Olivar nº 6,612.17
Instalación Deportiva Municipal Básica Colonia los Taxistas,CALLE SIERRA DE CUERDA LARGA 41,Sierra Toledana,Camino de Valderribas nº 94,351.88
Instalación Deportiva Municipal Básica Concejal Gabriel Fernández (Parque Cuña Verde),CALLE CUART DE POBLET 6 c/v Duquesa de Parcent,Caramuel,Calle Caramuel nº 51,2380.56
Instalación Deportiva Municipal Básica Conde Duque,CALLE SANTA CRUZ DE MARCENADO 21,Conde Duque,Calle Conde Duque nº 22,175.54
Instalación Deportiva Municipal Básica Condesa de Venadito,CALLE CONDESA DE VENADITO 7,Carlota O’Neill,Calle Carlota O'Neill nº 32,370.5
Instalación Deportiva Municipal Básica Cordel de Pavones,CALLE CORDEL DE PAVONES 11,Pavones,Calle Hacienda de Pavones nº 342,1356.09
Instalación Deportiva Municipal Básica Cordel de Pavones I,CALLE CORDEL DE PAVONES 9,Pavones,Calle Hacienda de Pavones nº 342,2413.86
Instalación Deportiva Municipal Básica Corregidor Diego de Valderrábano,CALLE CORREGIDOR DIEGO DE VALDERRABANO 24,Camino Vinateros,Calle Camino de los Vinateros nº 28,154.49
Instalación Deportiva Municipal Básica Cuevas de Almanzora,CALLE MOJACAR 2,Manuel Caldeiro,Paseo de la Castellana nº 298,2298.85
Instalación Deportiva Municipal Básica Cuña Verde (Villaamil),CALLE VILLAAMIL C/V CAMINO DEL CHORRILLO 90,Francos Rodríguez,Calle Francos Rodríguez nº 62,1058.78
Instalación Deportiva Municipal Básica Cárcavas Oeste I,CALLE CARMEN RICO GODOY 40,Pío XII,Avenida Pío XII nº 3,4153.11
Instalación Deportiva Municipal Básica Cárcavas Oeste II,CALLE SAN ANDRES DE RABANEDO 1,Pío XII,Avenida Pío XII nº 3,4258.29
Instalación Deportiva Municipal Básica Daniel Casero Gómez (antiguo Sangenjo),CALLE SANGENJO 42,Pedro Rico,Calle Pedro Rico nº 4,1213.42
Instalación Deportiva Municipal Básica David González Rubio - Pradolongo,CALLE DOCTOR TOLOSA LATOUR 14,Glorieta de Cádiz,Calle Antonio López nº 129,1358.45
Instalación Deportiva Municipal Básica Dehesa del Príncipe,AVENIDA ARQUEROS 29,Caramuel,Calle Caramuel nº 51,6563.87
Instalación Deportiva Municipal Básica Diana,CALLE GALEON 25,Carlota O’Neill,Calle Carlota O'Neill nº 32,5649.24
Instalación Deportiva Municipal Básica Doctor Cirajas,CALLE DOCTOR CIRAJAS 3,Gutierre de Cetina,Calle Gutierre de Cetina nº 77,712.04
Instalación Deportiva Municipal Básica Doctor Vallejo-Nájera,CALLE GASOMETRO 32 c/v Vallejo Nájera,Paseo de la Esperanza,Paseo de la Esperanza nº 2,195.49
Instalación Deportiva Municipal Básica Drácena,CALLE DRACENA 42,Pío XII,Avenida Pío XII nº 3,824.8
Instalación Deportiva Municipal Básica Duque de Sevilla,CALLE DUQUE DE SEVILLA 1,María Francisca 1,Calle María Francisca nº 1,286.61
Instalación Deportiva Municipal Básica Echegaray,CALLE ENCOMIENDA DE PALACIOS 324,Pavones,Calle Hacienda de Pavones nº 342,361.88
Instalación Deportiva Municipal Básica El Bosco,CALLE EL BOSCO 14 frente Ramón Pérez de Ayala,Plaza del Encuentro,Calle Arroyo de las Pilillas nº 6,521.41
Instalación Deportiva Municipal Básica El Bosque,PLAZA GOLMAYO 17,Pío XII,Avenida Pío XII nº 3,1492.89
Instalación Deportiva Municipal Básica El Capricho I,PASEO ALAMEDA DE OSUNA 48,Carlota O’Neill,Calle Carlota O'Neill nº 32,4357.99
Instalación Deportiva Municipal Básica El Capricho II,PASEO ALAMEDA DE OSUNA 46,Carlota O’Neill,Calle Carlota O'Neill nº 32,4277.5
Instalación Deportiva Municipal Básica El Cruce,CALLE SANTIAGO AMON 6y8,Glorieta de Cádiz,Calle Antonio López nº 129,4479.94
Instalación Deportiva Municipal Básica El Espinillo I,CALLE TERTULIA 7,Embajadores 191,Calle Sodio nº 1B,3084.94
Instalación Deportiva Municipal Básica El Espinillo III,CALLE UNANIMIDAD 39,Embajadores 191,Calle Sodio nº 1B,3349.47
Instalación Deportiva Municipal Básica El Parque,PASEO COMANDANTE FORTEA 25,Paseo de la Florida,Paseo de la Florida nº 8,892.85
Instalación Deportiva Municipal Básica El Pedernoso - Parque de Villa Rosa - Paco Caño,CALLE PEDROÑERAS (cubierta P.A.R.) 42,Carlota O’Neill,Calle Carlota O'Neill nº 32,3030.06
Instalación Deportiva Municipal Básica El Torero,CALLE TORERO C/V CALLE ANTONIO LÓPEZ 10 c/v Antonio López (Parque El Torero),San Delfín,Calle San Delfín nº 9,278.09
Instalación Deportiva Municipal Básica El Vandel,CALLE FLORENCIO CANO CRISTOBAL 9 esq. Pasaje Poveda,Pavones,Calle Hacienda de Pavones nº 342,1123.6
Instalación Deportiva Municipal Básica El Yesero,CALLE EL YESERO 1,Pavones,Calle Hacienda de Pavones nº 342,2146.94
Instalación Deportiva Municipal Básica Electra,CALLE CRONOS 65,Gutierre de Cetina,Calle Gutierre de Cetina nº 77,2267.7
Instalación Deportiva Municipal Básica Enrique Tierno Galván,PARQUE ENRIQUE TIERNO GALVAN ,Beata,Calle Alicante nº 3,647.04
Instalación Deportiva Municipal Básica Eros,CALLE EROS 6,Méndez Álvaro,Calle Retama nº 5,365.66
Instalación Deportiva Municipal Básica Esfinge,CALLE ESFINGE 60 c/v Circe,Gutierre de Cetina,Calle Gutierre de Cetina nº 77,3054.47
Instalación Deportiva Municipal Básica Esperanza I - Agrupación Deportiva Esperanza,CALLE SILVANO 65,Carlota O’Neill,Calle Carlota O'Neill nº 32,1890.58
Instalación Deportiva Municipal Básica Esperanza II,CALLE SILVANO 61,Carlota O’Neill,Calle Carlota O'Neill nº 32,1780.25
Instalación Deportiva Municipal Básica Estanque de las Tormentas,CALLE ARROYO DE POZUELO 6,Facultad Derecho,Avenida Complutense nº 23,3366.81
Instalación Deportiva Municipal Básica Estefanita,CALLE ESTEFANITA 7 Detrás del CEIP El Greco,Embajadores 191,Calle Sodio nº 1B,5014.66
Instalación Deportiva Municipal Básica Estíbaliz,CALLE ESTIBALIZ 30,Pío XII,Avenida Pío XII nº 3,2583.82
Instalación Deportiva Municipal Básica Euterpe,CALLE EUTERPE 1,Gutierre de Cetina,Calle Gutierre de Cetina nº 77,4630.89
Instalación Deportiva Municipal Básica Eva Duarte,CALLE DOCTOR GOMEZ ULLA 9,Ortega y Gasset 87,Calle Ortega y Gasset nº 87,281.21
Instalación Deportiva Municipal Básica Evangelios-Almendrales,CALLE EVANGELIOS 4,Glorieta de Cádiz,Calle Antonio López nº 129,633.84
Instalación Deportiva Municipal Básica Fermín Caballero,CALLE FERMIN CABALLERO 88,Remonta,Calle Azucenas nº 1,2589.03
Instalación Deportiva Municipal Básica Francisco Laguna,CALLE FRANCISCO LAGUNA 26,Concordia,Calle Arroyo del Olivar nº 6,503.11
Instalación Deportiva Municipal Básica Francisco de Goya (antigua Mozart),INST. DEPORTIVA BASICA MOZART ,Paseo de la Florida,Paseo de la Florida nº 8,416.54
Instalación Deportiva Municipal Básica Frontón Orcasitas,AVENIDA RAFAELA YBARRA 103 Parque de Orcasitas,Glorieta de Cádiz,Calle Antonio López nº 129,2277.23
Instalación Deportiva Municipal Básica Frontón Polideportivo San Fermín,CALLE SAN MAXIMO 10,Embajadores 191,Calle Sodio nº 1B,1479.77
Instalación Deportiva Municipal Básica Frontón San Fermín,CAMINO DE PERALES 136 c/v calle de Torrox,Embajadores 191,Calle Sodio nº 1B,2168.1
Instalación Deportiva Municipal Básica Frontón Tudelillas,AVENIDA PABLO IGLESIAS 62,Pablo Iglesias,Calle Francisco Balseiro nº 1,57.8
Instalación Deportiva Municipal Básica Frontón Zofio (antiguo Zofío II),CALLE RICARDO BELTRAN Y ROZPIDE 16,Glorieta de Cádiz,Calle Antonio López nº 129,1813.6
Instalación Deportiva Municipal Básica Fuente Espina,CALLE FUENTESPINA 29,Pavones,Calle Hacienda de Pavones nº 342,3345.99
Instalación Deportiva Municipal Básica Fuente de Lima,CALLE FUENTE DE LIMA 24,Caramuel,Calle Caramuel nº 51,5398.11
Instalación Deportiva Municipal Básica Fuerte de Navidad,CALLE FUERTE DE NAVIDAD  c/v La Isabela,Caramuel,Calle Caramuel nº 51,4385.08
Instalación Deportiva Municipal Básica Félix Rodríguez de la Fuente,CALLE FELIX RODRIGUEZ DE LA FUENTE 3,Camino Vinateros,Calle Camino de los Vinateros nº 28,473.15
Instalación Deportiva Municipal Básica Galeón,CALLE GALEON 3,Gutierre de Cetina,Calle Gutierre de Cetina nº 77,5498.39
Instalación Deportiva Municipal Básica Garrovillas,PLAZA GARROVILLAS S/N,Caramuel,Calle Caramuel nº 51,5358.85
Instalación Deportiva Municipal Básica General Millán Astray,CALLE GENERAL MILLAN ASTRAY 4,Caramuel,Calle Caramuel nº 51,4697.6
Instalación Deportiva Municipal Básica Glorieta Avenida San Luis,CALLE Añastro 78,Pío XII,Avenida Pío XII nº 3,1301.3
Instalación Deportiva Municipal Básica Glorieta de Segovia,PASEO Ciudad de Plasencia ,Segovia 26,Calle Segovia nº 26,172.79
Instalación Deportiva Municipal Básica Gran Vía de Hortaleza,AVENIDA GRAN VIA DE HORTALEZA 1,Pío XII,Avenida Pío XII nº 3,1554.26
Instalación Deportiva Municipal Básica Guadalajara,AVENIDA GUADALAJARA S/N,Gutierre de Cetina,Calle Gutierre de Cetina nº 77,2179.2
Instalación Deportiva Municipal Básica Hermanos Trueba,CALLE HERMANOS TRUEBA 30,Concordia,Calle Arroyo del Olivar nº 6,951.8
Instalación Deportiva Municipal Básica Hogar del Ferroviario,"AVENIDA MEDITERRANEO S/N Colonia Ferroviarios, frente a Manuel Mª Arrillaga, 51",Camino Vinateros,Calle Camino de los Vinateros nº 28,489.44
Instalación Deportiva Municipal Básica Hornero,CALLE HORNERO 1,Marqués de Vadillo,Glorieta Marqués de Vadillo nº 9,1165.36
Instalación Deportiva Municipal Básica Huerta de la Salud,CALLE ALCOBENDAS 3,Pío XII,Avenida Pío XII nº 3,3364.55
Instalación Deportiva Municipal Básica Illescas,CALLE ILLESCAS  c/v Pº Extremadura,Caramuel,Calle Caramuel nº 51,3428.87
Instalación Deportiva Municipal Básica Imagen,CALLE IMAGEN 23,Concordia,Calle Arroyo del Olivar nº 6,1173.57
Instalación Deportiva Municipal Básica Isabel Patacón,CALLE ISABEL PATACON S/N Barrio de Buenavista,Marqués de Vadillo,Glorieta Marqués de Vadillo nº 9,4064.16
Instalación Deportiva Municipal Básica Isla de Tabarca,CALLE SANTIAGO DE COMPOSTELA 104 c/v Isla de Tabarca,Francos Rodríguez,Calle Francos Rodríguez nº 62,2482.94
Instalación Deportiva Municipal Básica Iván de Vargas,TRAVESIA IVAN DE VARGAS 4,Ermita Santo,Paseo de la Ermita del Santo nº 48,449.78
Instalación Deportiva Municipal Básica Jacinto Verdaguer,CALLE JACINTO VERDAGUER 17,Marqués de Vadillo,Glorieta Marqués de Vadillo nº 9,298.53
Instalación Deportiva Municipal Básica Jardines Alhambra,CALLE ALHAMBRA  c/v Carlos Fuentes,Caramuel,Calle Caramuel nº 51,1534.85
Instalación Deportiva Municipal Básica Jardines General Fanjul,AVENIDA LAS AGUILAS ,Caramuel,Calle Caramuel nº 51,3882.04
Instalación Deportiva Municipal Básica Jardines Vía Carpetana,CALLE VIA CARPETANA S/N c/v Laguna,Caramuel,Calle Caramuel nº 51,2163.0
Instalación Deportiva Municipal Básica Jardines de Bucaramanga,AVENIDA BUCARAMANGA 2,Carlota O’Neill,Calle Carlota O'Neill nº 32,3279.72
Instalación Deportiva Municipal Básica Jardín Canarias,CALLE CANARIAS 19,Palos de la Frontera,Calle Palos de la Frontera nº 27,110.32
Instalación Deportiva Municipal Básica Jardín Chico de la Eterna Sonrisa,CALLE LA RIOJA 25,Carlota O’Neill,Calle Carlota O'Neill nº 32,5633.01
Instalación Deportiva Municipal Básica Jardín Papelera Peninsular,CALLE ARGANDA 3,Madrid Río-Yeserías,Paseo de Yeserías nº 45,346.27
Instalación Deportiva Municipal Básica Jardín de Portugalete,CALLE ULISES 23,Carlota O’Neill,Calle Carlota O'Neill nº 32,1569.54
Instalación Deportiva Municipal Básica Jazmin,CALLE JAZMIN 36,Manuel Caldeiro,Paseo de la Castellana nº 298,1582.31
Instalación Deportiva Municipal Básica Jesús Aprendiz,CALLE ANTONIO DIAZ-CAÑABATE 9 c/v Arias Montano,Niño Jesús,Calle Doctor Esquerdo nº 161,201.17
Instalación Deportiva Municipal Básica Jesús Divino Obrero,CALLE HUMANES 10,Sierra Toledana,Camino de Valderribas nº 94,1138.58
Instalación Deportiva Municipal Básica Joaquín Ibarra,CALLE JOAQUIN IBARRA S/N Frente al nº 24,Carlota O’Neill,Calle Carlota O'Neill nº 32,5029.26
Instalación Deportiva Municipal Básica José Durán,AVENIDA PARQUE DE PALOMERAS BAJAS 10,Concordia,Calle Arroyo del Olivar nº 6,1483.62
Instalación Deportiva Municipal Básica José Luis Sánchez Juez (antiguo Los Coronales),CALLE BAHIA DE MALAGA 5,Carlota O’Neill,Calle Carlota O'Neill nº 32,5173.38
Instalación Deportiva Municipal Básica José de Cadalso,CALLE JOSE DE CADALSO  C/V General Romero Basart,Caramuel,Calle Caramuel nº 51,4858.88
Instalación Deportiva Municipal Básica José de Pasamonte,AVENIDA DOCTOR GARCIA TAPIA 51,Marroquina,Calle Camino de los Vinateros nº 108,405.77
Instalación Deportiva Municipal Básica Juan Clemente Núñez,CALLE JUAN CLEMENTE 1,Carlota O’Neill,Calle Carlota O'Neill nº 32,2754.22
Instalación Deportiva Municipal Básica Juan de Mariana,CALLE JUAN DE MARIANA 8,Juan Martín,Calle Juan Martín el Empecinado nº 16,276.93
Instalación Deportiva Municipal Básica Juan de Vera,PLAZA CASAR DE CACERES  (Juan de Vera - Batalla de Belchite),Paseo de las Delicias,Paseo de las Delicias nº 92,205.03
Instalación Deportiva Municipal Básica Julián González,CALLE JULIAN GONZALEZ 4,Marqués de Vadillo,Glorieta Marqués de Vadillo nº 9,242.94
Instalación Deportiva Municipal Básica La Cabrera,CALLE LA CABRERA 33,Francos Rodríguez,Calle Francos Rodríguez nº 62,1956.65
Instalación Deportiva Municipal Básica La Chimenea,CALLE VALLANDES 5 c/v Hermenegildo Bielsa y Calesas,Antonio López,Calle Eugenio Caxes frente al nº 12,147.79
Instalación Deportiva Municipal Básica La Chopera,CALLE ESCULTOR PERESEJO 86,Facultad Derecho,Avenida Complutense nº 23,5278.73
Instalación Deportiva Municipal Básica La Diligencia,CALLE DILGENCIA 7 c/v calle Puerto Velate,Concordia,Calle Arroyo del Olivar nº 6,690.76
Instalación Deportiva Municipal Básica La Mancha,CALLE TOMELLOSO 21 Próximo a la Av. de Córdoba (P.D. Almendral),Glorieta de Cádiz,Calle Antonio López nº 129,931.47
Instalación Deportiva Municipal Básica La Masó,CALLE LA MASO 34 c/v Collado de Cerro Malejo,Pedro Rico,Calle Pedro Rico nº 4,2404.53
Instalación Deportiva Municipal Básica La Perla,CALLE CORINDON 3,Embajadores 191,Calle Sodio nº 1B,2444.5
Instalación Deportiva Municipal Básica Laminador de Tormentas - Valdebebas,calle Antonio Flórez s/n esquina avenida Francisco Javier Sáenz de Oiza ,Manuel Caldeiro,Paseo de la Castellana nº 298,3832.29
Instalación Deportiva Municipal Básica Las Rosas,AVENIDA NIZA s/n,Gutierre de Cetina,Calle Gutierre de Cetina nº 77,2926.64
Instalación Deportiva Municipal Básica Las Vistillas,PLAZA GABRIEL MIRO ,Segovia 26,Calle Segovia nº 26,172.79
Instalación Deportiva Municipal Básica Lili Alvarez,"CALLE LA RIVIERA 4 c/v calle Provenza, 3 Cañón Río Lobos",Pavones,Calle Hacienda de Pavones nº 342,763.25
Instalación Deportiva Municipal Básica Lonja de la Seda,CALLE LONJA DE LA SEDA 32 Parc. 2.1 del P.A.U. de Carabanchel,Marqués de Vadillo,Glorieta Marqués de Vadillo nº 9,5289.61
Instalación Deportiva Municipal Básica Los Arbolitos,INST. DEPORTIVA BASICA RONDA SUR ,Concordia,Calle Arroyo del Olivar nº 6,2160.64
Instalación Deportiva Municipal Básica Los Caprichos,AVENIDA CAPRICHOS 1,Ermita Santo,Paseo de la Ermita del Santo nº 48,362.39
Instalación Deportiva Municipal Básica Los Cármenes,CALLE ALHAMBRA 35,Caramuel,Calle Caramuel nº 51,1835.08
Instalación Deportiva Municipal Básica Los Llanos,CALLE FLORENCIO CASTILLO 3,Carlota O’Neill,Calle Carlota O'Neill nº 32,2639.81
Instalación Deportiva Municipal Básica Los Morales,CALLE MORALES 31 Parc. 3.16.2 del P.A.U. de Carabanchel,Marqués de Vadillo,Glorieta Marqués de Vadillo nº 9,5861.73
Instalación Deportiva Municipal Básica Los Morales - Patrimonio Humanidad I,CALLE PATRIMONIO DE LA HUMANIDAD 37 Parc. 3.10.4 del P.A.U. de Carabanchel,Marqués de Vadillo,Glorieta Marqués de Vadillo nº 9,5654.48
Instalación Deportiva Municipal Básica Los Morales - Patrimonio Humanidad II,"CALLE MORALES  C/ Patrimonio de la Humanidad, 27. Parc. 3.11.3 del P.A.U. de Carabanchel",Marqués de Vadillo,Glorieta Marqués de Vadillo nº 9,5748.64
Instalación Deportiva Municipal Básica Los Poblados,AVENIDA POBLADOS  C/V Antig. Carretera a Leganés,Marqués de Vadillo,Glorieta Marqués de Vadillo nº 9,3282.9
Instalación Deportiva Municipal Básica Los Rosales I,AVENIDA LOS ROSALES 131,Embajadores 191,Calle Sodio nº 1B,4303.19
Instalación Deportiva Municipal Básica Lucano,CALLE LUCANO  c/v Esfinge,Gutierre de Cetina,Calle Gutierre de Cetina nº 77,2853.0
Instalación Deportiva Municipal Básica Luis Buitrago,CALLE LUIS BUITRAGO 7,Pío XII,Avenida Pío XII nº 3,2629.01
Instalación Deportiva Municipal Básica Luis Mitjans,CALLE LUIS MITJANS 15,Valderribas,Calle Doctor Esquerdo nº 191,282.6
Instalación Deportiva Municipal Básica Lyon - Flandes,"CALLE LYON 136 (c/v Calle Flandes, 4 posterior)",Pavones,Calle Hacienda de Pavones nº 342,949.38
Instalación Deportiva Municipal Básica Machupichu,AVENIDA MACHUPICHU 50,Carlota O’Neill,Calle Carlota O'Neill nº 32,2422.88
Instalación Deportiva Municipal Básica Madrid - Las Tablas,CALLE FROMISTA 5,Pedro Rico,Calle Pedro Rico nº 4,3282.16
Instalación Deportiva Municipal Básica Madrid Sur,CALLE PUERTO DE VELATE 18,Concordia,Calle Arroyo del Olivar nº 6,1349.06
Instalación Deportiva Municipal Básica Mallorca,CALLE AGASTIA  esq. Juan Pérez de Zúñiga,Carlota O’Neill,Calle Carlota O'Neill nº 32,145.57
Instalación Deportiva Municipal Básica Manizales,CALLE GALAPA 10 c/v Avda. Manizales,Carlota O’Neill,Calle Carlota O'Neill nº 32,3481.9
Instalación Deportiva Municipal Básica Mar de Japón,CALLE MAR DEL JAPON 7,Pío XII,Avenida Pío XII nº 3,3331.47
Instalación Deportiva Municipal Básica Maracena,CALLE MARACENA 1 c/v Moreja -Orcasur-,Glorieta de Cádiz,Calle Antonio López nº 129,2199.8
Instalación Deportiva Municipal Básica Maris Stella,CALLE DOCTOR TOLOSA LATOUR 18 Frente C. Informat. S.S.,Glorieta de Cádiz,Calle Antonio López nº 129,1506.94
Instalación Deportiva Municipal Básica Martala I,CALLE PICO DE LOS ARTILLEROS 5 posterior,Marroquina,Calle Camino de los Vinateros nº 108,551.84
Instalación Deportiva Municipal Básica Maruja Mallo,AVENIDA MARUJA MALLO 7 c/v Conchita Montes,Carlota O’Neill,Calle Carlota O'Neill nº 32,4123.71
Instalación Deportiva Municipal Básica María Inmaculada,CAMINO CRUCES  frente Condesa de Teba,Marqués de Vadillo,Glorieta Marqués de Vadillo nº 9,4436.85
Instalación Deportiva Municipal Básica María de Austria,PARQUE EMPERATRIZ MARÍA DE AUSTRIA  Parque Sur,Marqués de Vadillo,Glorieta Marqués de Vadillo nº 9,2252.76
Instalación Deportiva Municipal Básica Matilde Gayo,CALLE MATILDE GAYO 4,Antonio López,Calle Eugenio Caxes frente al nº 12,206.11
Instalación Deportiva Municipal Básica Maíz,CALLE RICARDO BELTRAN Y ROZPIDE 28 frente calle Maíz,Glorieta de Cádiz,Calle Antonio López nº 129,1970.92
Instalación Deportiva Municipal Básica Medio Amposta,CALLE ALBERIQUE  c/v Alconera,Gutierre de Cetina,Calle Gutierre de Cetina nº 77,1929.71
Instalación Deportiva Municipal Básica Mercedes Arteaga,CALLE MERCEDES ARTEAGA S/N c/v San Pantaleón,Marqués de Vadillo,Glorieta Marqués de Vadillo nº 9,771.01
Instalación Deportiva Municipal Básica Miguel Aracil,CALLE JOAQUIN LORENZO 39,Francos Rodríguez,Calle Francos Rodríguez nº 62,2542.35
Instalación Deportiva Municipal Básica Miguel Hernández (Parque lineal del Manzanares),AVENIDA MIGUEL HERNANDEZ 48 frente al 36-38,Pavones,Calle Hacienda de Pavones nº 342,1319.19
Instalación Deportiva Municipal Básica Miguel Riesco,CALLE MIGUEL RIESCO 7,Carlota O’Neill,Calle Carlota O'Neill nº 32,2560.85
Instalación Deportiva Municipal Básica Miguel Riesco - Ramón Power,CALLE MIGUEL RIESCO 1,Carlota O’Neill,Calle Carlota O'Neill nº 32,2476.18
Instalación Deportiva Municipal Básica Miguel Yuste,CALLE MIGUEL YUSTE  c/v Emilio Muñoz,Gutierre de Cetina,Calle Gutierre de Cetina nº 77,1643.73
Instalación Deportiva Municipal Básica Minaya,CALLE MINAYA 5,Carlota O’Neill,Calle Carlota O'Neill nº 32,2943.69
Instalación Deportiva Municipal Básica Mirador de la Reina (Cerro Minguete),CALLE MIRADOR DE LA REINA 2 c/v Cerro Minguete,Pedro Rico,Calle Pedro Rico nº 4,3332.99
Instalación Deportiva Municipal Básica Mirasierra,CALLE NURIA 83,Pedro Rico,Calle Pedro Rico nº 4,2506.34
Instalación Deportiva Municipal Básica Molino,PASEO MOLINO 2,Legazpi,Calle Bolívar nº 3,109.54
Instalación Deportiva Municipal Básica Mondariz,PLAZA MONDARIZ 1,Pedro Rico,Calle Pedro Rico nº 4,1456.1
Instalación Deportiva Municipal Básica Monovar,CALLE MONOVAR 3,Chamartín,Calle Rodríguez Jaén nº 40,2323.12
Instalación Deportiva Municipal Básica Montalbos,CALLE MONTALBOS 14,Carlota O’Neill,Calle Carlota O'Neill nº 32,2511.53
Instalación Deportiva Municipal Básica Montecarmelo,CALLE MONASTERIO DE EL PAULAR 138,Pedro Rico,Calle Pedro Rico nº 4,2381.01
Instalación Deportiva Municipal Básica Montecarmelo McDonald´s,AVENIDA MONTECARMELO 1,Pedro Rico,Calle Pedro Rico nº 4,2416.14
Instalación Deportiva Municipal Básica Mártires Maristas,AVENIDA MARTIRES MARISTAS 2 c/v Antonio Machado,Francos Rodríguez,Calle Francos Rodríguez nº 62,1169.3
Instalación Deportiva Municipal Básica Nevado de Cumbal,CALLE NEVADO DEL CUMBAL 4,Carlota O’Neill,Calle Carlota O'Neill nº 32,3217.02
Instalación Deportiva Municipal Básica Nicolasa Gómez,CALLE NICOLASA GOMEZ 1,Gutierre de Cetina,Calle Gutierre de Cetina nº 77,2735.82
Instalación Deportiva Municipal Básica Novecento,CALLE NOVECENTO 6,Concordia,Calle Arroyo del Olivar nº 6,2094.71
Instalación Deportiva Municipal Básica Nuestra Señora de Loreto,CALLE TIMON 16,Carlota O’Neill,Calle Carlota O'Neill nº 32,6236.67
Instalación Deportiva Municipal Básica Nuestra Señora de la Paloma,CARRERA SAN FRANCISCO 4,Plaza de los Carros,Carrera de San Francisco nº 1,68.1
Instalación Deportiva Municipal Básica Nueva Esperanza,CALLE ANOETA 1,Glorieta de Cádiz,Calle Antonio López nº 129,4075.5
Instalación Deportiva Municipal Básica Ontanilla,AVENIDA LOS POBLADOS  C/V Ontanilla,San Delfín,Calle San Delfín nº 9,2811.56
Instalación Deportiva Municipal Básica Orcasur II,AVENIDA ORCASUR 53,Glorieta de Cádiz,Calle Antonio López nº 129,2613.02
Instalación Deportiva Municipal Básica Orión-Jupiter,CALLE ORION 52,Carlota O’Neill,Calle Carlota O'Neill nº 32,6865.47
Instalación Deportiva Municipal Básica Oscar y Jesús,CALLE SOLEDAD CAZORLA 22,Caramuel,Calle Caramuel nº 51,5177.37
Instalación Deportiva Municipal Básica Oyarzun,PLAZA OYARZUN 1,Glorieta de Cádiz,Calle Antonio López nº 129,2659.9
Instalación Deportiva Municipal Básica P.A.R. Antonio López,CALLE ANTONIO LOPEZ 27,Marqués de Vadillo,Glorieta Marqués de Vadillo nº 9,381.33
Instalación Deportiva Municipal Básica P.A.R. Avda. Marqués de Corbera,AVENIDA MARQUES DE CORBERA 62,Marqués de Corbera 52,Avenida Marqués de Corbera nº 52,172.88
Instalación Deportiva Municipal Básica P.A.R. Avenida Rafaela Ybarra,AVENIDA RAFAELA YBARRA 51,Glorieta de Cádiz,Calle Antonio López nº 129,1312.5
Instalación Deportiva Municipal Básica P.A.R. Manuel Noya,CALLE MANUEL NOYA 2 junto Puente Los Capuchinos,San Delfín,Calle San Delfín nº 9,683.28
Instalación Deportiva Municipal Básica P.A.R. Ramón Gómez de la Serna,CALLE RAMON GOMEZ DE LA SERNA 49,Pedro Rico,Calle Pedro Rico nº 4,3084.26
Instalación Deportiva Municipal Básica Pablo Casals,PASEO ERMITA DEL SANTO 10,Puerta del Ángel,Plaza Puerta del Ángel nº 4,413.63
Instalación Deportiva Municipal Básica Padre Claret,CALLE PADRE CLARET 18,Corazón de María,Calle Santa Hortensia nº 31,641.34
Instalación Deportiva Municipal Básica Padre Damián,CALLE PADRE DAMIAN 24,Doctor Fleming,Calle Doctor Fleming nº 7,217.49
Instalación Deportiva Municipal Básica Palomeras Bajas,CALLE PUERTO DE BALBARAN 6,Concordia,Calle Arroyo del Olivar nº 6,1842.04
Instalación Deportiva Municipal Básica Parque Adelfas,CALLE MARTINEZ CORROCHANO esquina  con calle Luis Mitjans 26,Valderribas,Calle Doctor Esquerdo nº 191,331.44
Instalación Deportiva Municipal Básica Parque Alfredo Kraus,CALLE MAR ADRIATICO 7,Carlota O’Neill,Calle Carlota O'Neill nº 32,3060.41
Instalación Deportiva Municipal Básica Parque Aluche,CALLE VALMOJADO 4,Caramuel,Calle Caramuel nº 51,2815.74
Instalación Deportiva Municipal Básica Parque Arroyo Fresno,AVENIDA VENTISQUERO DE LA CONDESA 43,Pedro Rico,Calle Pedro Rico nº 4,2737.79
Instalación Deportiva Municipal Básica Parque Arroyo Pozuelo I,CALLE ARROYO DE POZUELO 10,Facultad Derecho,Avenida Complutense nº 23,3682.3
Instalación Deportiva Municipal Básica Parque Boadilla,CARRETERA BOADILLA DEL MONTE 1,Caramuel,Calle Caramuel nº 51,3429.91
Instalación Deportiva Municipal Básica Parque Breogán,AVENIDA BRASILIA 2,Avenida Brasilia,Avenida de Brasilia frente al nº 9,53.84
Instalación Deportiva Municipal Básica Parque Calle Onil,CALLE NAVIA 12 c/v Luis Chamizo,Caramuel,Calle Caramuel nº 51,4292.85
Instalación Deportiva Municipal Básica Parque Caramuel,CALLE SEPULVEDA s/n,Caramuel,Calle Caramuel nº 51,301.45
Instalación Deportiva Municipal Básica Parque Cedral,"CALLE RODRIGUEZ ILLANES S/N esq. Arturo Soria, 233",Pío XII,Avenida Pío XII nº 3,1058.0
Instalación Deportiva Municipal Básica Parque Cerro Almodovar,PARQUE CERRO ALMODOVAR ,Caramuel,Calle Caramuel nº 51,2296.43
Instalación Deportiva Municipal Básica Parque Cerro Almodóvar,CALLE CERRO DE ALMODOVAR 9,Pavones,Calle Hacienda de Pavones nº 342,3431.97
Instalación Deportiva Municipal Básica Parque Cuña Verde,AVENIDA DAROCA 300,Pavones,Calle Hacienda de Pavones nº 342,1744.05
Instalación Deportiva Municipal Básica Parque Darwin,AVENIDA MORATALAZ 93,Plaza del Encuentro,Calle Arroyo de las Pilillas nº 6,318.83
Instalación Deportiva Municipal Básica Parque Deportivo Doctor García Tapia 1,CALLE CARMEN AMAYA 3 Posterior,Camino Vinateros,Calle Camino de los Vinateros nº 28,211.9
Instalación Deportiva Municipal Básica Parque Deportivo Doctor García Tapia 2,CALLE CARMEN AMAYA 1 posterior,Camino Vinateros,Calle Camino de los Vinateros nº 28,203.15
Instalación Deportiva Municipal Básica Parque Doña Guiomar I - Sporting de Hortaleza,CALLE MONOVAR 8,Chamartín,Calle Rodríguez Jaén nº 40,2518.52
Instalación Deportiva Municipal Básica Parque Doña Guiomar II,CARRETERA ESTACION DE HORTALEZA 7,Chamartín,Calle Rodríguez Jaén nº 40,2482.8
Instalación Deportiva Municipal Básica Parque Doña Guiomar III,CALLE MONÓVAR 4,Chamartín,Calle Rodríguez Jaén nº 40,2378.96
Instalación Deportiva Municipal Básica Parque El Calero,CALLE VIRGEN DE NURIA S/N,Avenida Donostiarra,Calle Virgen de la Alegría nº 18,269.49
Instalación Deportiva Municipal Básica Parque Estafeta,CALLE ESTAFETA 4,Embajadores 191,Calle Sodio nº 1B,1704.97
Instalación Deportiva Municipal Básica Parque Eugenia de Montijo,CALLE PARQUE EUGENIA DE MONTIJO S/N,Marqués de Vadillo,Glorieta Marqués de Vadillo nº 9,3898.87
Instalación Deportiva Municipal Básica Parque Gabriela Mistral,CALLE ROSALIA DE CASTRO 69,Facultad Derecho,Avenida Complutense nº 23,3729.26
Instalación Deportiva Municipal Básica Parque General García Escámez,CALLE ANSELMO LORENZO  Jardines Gral. García Escámez,Caramuel,Calle Caramuel nº 51,4550.79
Instalación Deportiva Municipal Básica Parque Huerta de la Salud,CALLE MAR DE LAS ANTILLAS 10,Pío XII,Avenida Pío XII nº 3,3088.57
Instalación Deportiva Municipal Básica Parque Huerta del Obispo,CALLE JUAN PEÑALVER 34 c/v CALLE PALOMARES,Glorieta de Cádiz,Calle Antonio López nº 129,4865.59
Instalación Deportiva Municipal Básica Parque Juan Pablo II (rugby),AVENIDA PICEAS 13,Carlota O’Neill,Calle Carlota O'Neill nº 32,2885.16
Instalación Deportiva Municipal Básica Parque La Viña,CALLE CONCEJO DE TEVERGA 2,Méndez Álvaro,Calle Retama nº 5,918.12
Instalación Deportiva Municipal Básica Parque Luis Buñuel,CALLE LUIS BUÑUEL 12,Pavones,Calle Hacienda de Pavones nº 342,1700.77
Instalación Deportiva Municipal Básica Parque Madrid Sur - La Diligencia,CALLE LA DILIGENCIA 5 Parque Madrid Sur,Concordia,Calle Arroyo del Olivar nº 6,1240.79
Instalación Deportiva Municipal Básica Parque Manoteras - Vélez Rubio,CALLE BACARES 20,Chamartín,Calle Rodríguez Jaén nº 40,1917.03
Instalación Deportiva Municipal Básica Parque Manuel Azaña,CALLE JAZMÍN 51,Puente de Ventas,Avenida de Daroca nº 2,131.6
Instalación Deportiva Municipal Básica Parque Marchamalo,CALLE MARCHAMALO 15,Pavones,Calle Hacienda de Pavones nº 342,1084.75
Instalación Deportiva Municipal Básica Parque Martala I,CALLE PICO DE LOS ARTILLEROS 5,Marroquina,Calle Camino de los Vinateros nº 108,551.84
Instalación Deportiva Municipal Básica Parque Martala II,CALLE PICO DE LOS ARTILLEROS 21,Marroquina,Calle Camino de los Vinateros nº 108,646.87
Instalación Deportiva Municipal Básica Parque Mujeres de Orcasitas,RONDA COOPERATIVAS 6,Glorieta de Cádiz,Calle Antonio López nº 129,2484.18
Instalación Deportiva Municipal Básica Parque Norte,CALLE Arzobispo Morcillo 9 c/v Frómista,Manuel Caldeiro,Paseo de la Castellana nº 298,3439.43
Instalación Deportiva Municipal Básica Parque Olof Palme,CALLE CERECINOS 4 Parque Olof Palme,San Delfín,Calle San Delfín nº 9,1113.13
Instalación Deportiva Municipal Básica Parque Plata y Castañar,PASEO LOS FERROVIARIOS s/n,Glorieta de Cádiz,Calle Antonio López nº 129,4669.74
Instalación Deportiva Municipal Básica Parque Pradolongo 1,AVENIDA DE LOS POBLADOS (PARQUE PRADOLONGO) 165,Marqués de Vadillo,Glorieta Marqués de Vadillo nº 9,3253.8
Instalación Deportiva Municipal Básica Parque Rafael Finat,CALLE DAMASQUILLO 1,Caramuel,Calle Caramuel nº 51,4197.55
Instalación Deportiva Municipal Básica Parque San Blas,"CALLE ALBAIDA S/N Avda. Arcentales, Alberique y Ajofrín",Gutierre de Cetina,Calle Gutierre de Cetina nº 77,1709.1
Instalación Deportiva Municipal Básica Parque San Luciano,CALLE SAN LUCIANO 12,Glorieta de Cádiz,Calle Antonio López nº 129,2908.58
Instalación Deportiva Municipal Básica Parque Santa Adela,CALLE SANTA ADELA 14,Manuel Caldeiro,Paseo de la Castellana nº 298,3124.02
Instalación Deportiva Municipal Básica Parque Sector Surbatán,CALLE SEPULVEDA C.V. A CALLE CEBREROS 206,Caramuel,Calle Caramuel nº 51,1475.2
Instalación Deportiva Municipal Básica Parque Supermanzana 7,CALLE FERMIN CABALLERO 25,Pedro Rico,Calle Pedro Rico nº 4,1295.24
Instalación Deportiva Municipal Básica Parque Tanatorio (Salvador Madariaga),CALLE SALVADOR DE MADARIAGA ,Derechos Humanos,Calle Derechos Humanos nº 12,120.79
Instalación Deportiva Municipal Básica Parque Z,CALLE MARROQUINA 88 posterior - Parque de Moratalaz,Marroquina,Calle Camino de los Vinateros nº 108,244.04
Instalación Deportiva Municipal Básica Parque de Atenas,PASEO VIRGEN DEL PUERTO 3,Segovia 45,Calle Segovia nº 45,488.42
Instalación Deportiva Municipal Básica Parque de Berlín,CALLE MARCENADO 51,Parque Berlín,Avenida de Concha Espina nº 34,364.45
Instalación Deportiva Municipal Básica Parque de Comillas,CALLE ANTONIO DE LEYVA 35,Marqués de Vadillo,Glorieta Marqués de Vadillo nº 9,584.88
Instalación Deportiva Municipal Básica Parque de Roma I,CALLE JUAN ESPLANDIU 4,Parque Roma,Calle Alcalde Sáinz de Baranda frente al nº 107,421.11
Instalación Deportiva Municipal Básica Parque de Roma III,CALLE ALCALDE SAINZ DE BARANDA 90,Parque Roma,Calle Alcalde Sáinz de Baranda frente al nº 107,64.91
Instalación Deportiva Municipal Básica Parque de San Isidro - Gorrión,CALLE GORRION 36,Marqués de Vadillo,Glorieta Marqués de Vadillo nº 9,1115.57
Instalación Deportiva Municipal Básica Parque de San Isidro - Vicente Quesada,CALLE VICENTE QUESADA Parque de San Isidro,Marqués de Vadillo,Glorieta Marqués de Vadillo nº 9,1195.22
Instalación Deportiva Municipal Básica Parque de Skateboard Ignacio Echeverría,PASEO CHOPERA 4,Entrada Matadero,Paseo de la Chopera nº 14,101.29
Instalación Deportiva Municipal Básica Parque de Villa Rosa,CALLE EL PEDERNOSO 19,Carlota O’Neill,Calle Carlota O'Neill nº 32,3014.46
Instalación Deportiva Municipal Básica Parque de la Alcazaba,AVENIDA EL FERROL 1,Torre Cepsa,Calle Sinesio Delgado nº 2,1295.5
Instalación Deportiva Municipal Básica Parque de la Cornisa,CALLE ROSARIO 5,Plaza de San Francisco,Plaza de San Francisco nº 5,131.43
Instalación Deportiva Municipal Básica Parque de la Ventilla,CALLE VIA LIMITE 101,Torre Cepsa,Calle Sinesio Delgado nº 2,631.05
Instalación Deportiva Municipal Básica Parque de las Cruces,AVENIDA POBLADOS S/N,Marqués de Vadillo,Glorieta Marqués de Vadillo nº 9,3938.79
Instalación Deportiva Municipal Básica Parque de las Cruces I,CALLE ROMPEDIZO 15,Marqués de Vadillo,Glorieta Marqués de Vadillo nº 9,4539.84
Instalación Deportiva Municipal Básica Parque de las Cruces II,CALLE VIDAUBA 3,Caramuel,Calle Caramuel nº 51,4167.47
Instalación Deportiva Municipal Básica Parque del Oeste,PASEO CAMOENS S/N,Paseo de Moret,Paseo de Moret nº 11,304.42
Instalación Deportiva Municipal Básica Parque la Milanera (La Coma),CALLE RAMON GOMEZ DE LA SERNA 22,Pedro Rico,Calle Pedro Rico nº 4,3100.44
Instalación Deportiva Municipal Básica Paseo del Polideportivo,CALLE VIVERO DE LA PILARICA 3,Pavones,Calle Hacienda de Pavones nº 342,2835.15
Instalación Deportiva Municipal Básica Patrimonio Humanidad,CALLE PATRIMONIO DE LA HUMANIDAD  Frente al número 15. Parc. 3.12.3 del P.A.U. de Carabanchel,Marqués de Vadillo,Glorieta Marqués de Vadillo nº 9,5481.23
Instalación Deportiva Municipal Básica Peonías - José Miguel Vicens,CALLE PEONIAS 2,Carlota O’Neill,Calle Carlota O'Neill nº 32,2737.3
Instalación Deportiva Municipal Básica Piedrahíta,"CALLE PIEDRAHITA  c/v Real Madrid, 36",Marqués de Vadillo,Glorieta Marqués de Vadillo nº 9,3155.02
Instalación Deportiva Municipal Básica Pinar de la Elipa,CALLE JOSE LUIS DE ARRESE S/N,Marqués de Corbera 12,Avenida Marqués de Corbera nº 12,341.08
Instalación Deportiva Municipal Básica Pinos de Osuna,CALLE PINOS DE OSUNA 1,Gutierre de Cetina,Calle Gutierre de Cetina nº 77,4766.01
Instalación Deportiva Municipal Básica Pirineos,CALLE PIRINEOS S/N frente a Francisco de Diego,Francos Rodríguez,Calle Francos Rodríguez nº 62,703.16
Instalación Deportiva Municipal Básica Pista Deportiva P.A.R. La Alcazaba,INST. DEPORTIVA BASICA SINESIO DELGADO 26,Francos Rodríguez,Calle Francos Rodríguez nº 62,1360.75
Instalación Deportiva Municipal Básica Pista Deportiva Palas del Rey,CALLE PALAS DE REY s/n c/v Frómista,Manuel Caldeiro,Paseo de la Castellana nº 298,3439.43
Instalación Deportiva Municipal Básica Pista Deportiva Parque Miguel Aracil,CALLE JOAQUIN LORENZO 39,Francos Rodríguez,Calle Francos Rodríguez nº 62,2542.22
Instalación Deportiva Municipal Básica Pista Deportiva Parque de Begoña,AVENIDA LLANO CASTELLANO 1,Pedro Rico,Calle Pedro Rico nº 4,459.96
Instalación Deportiva Municipal Básica Pista P.A.R. Moralzarzal,CALLE MORALZARZAL 88,Pedro Rico,Calle Pedro Rico nº 4,2495.87
Instalación Deportiva Municipal Básica Pista de Patinaje Anfevi,CALLE HACIENDA DE PAVONES 127,Pavones,Calle Hacienda de Pavones nº 342,576.71
Instalación Deportiva Municipal Básica Pista de Patinaje Avenida Niza,AVENIDA NIZA s/n c/v Travesía de Carlos II,Gutierre de Cetina,Calle Gutierre de Cetina nº 77,2926.64
Instalación Deportiva Municipal Básica Pista de Petanca Centro de Mayores La Vaguada,AVENIDA MONFORTE DE LEMOS 36,Pedro Rico,Calle Pedro Rico nº 4,1730.87
Instalación Deportiva Municipal Básica Pista de Petanca Parque Fuencarral,CALLE AFUERAS A VALVERDE 2,Pedro Rico,Calle Pedro Rico nº 4,1986.17
Instalación Deportiva Municipal Básica Pista de Petanca de Islas Jarvi,CALLE CASTIELLO DE JACA 3,Pedro Rico,Calle Pedro Rico nº 4,2423.37
Instalación Deportiva Municipal Básica Pista de Skate,CALLE CAPITAN BLANCO ARGIBAY S/N,Remonta,Calle Azucenas nº 1,1380.22
Instalación Deportiva Municipal Básica Pistas de Petanca Dehesa de la Villa,CALLE FRANCOS RODRIGUEZ 1,Estrecho,Calle Navarra nº 1,107.67
Instalación Deportiva Municipal Básica Plan Parcial,CALLE PLAN PARCIAL 3,Glorieta de Cádiz,Calle Antonio López nº 129,2095.58
Instalación Deportiva Municipal Básica Playa de Bolnuevo,CALLE PLAYA DE BOLNUEVO 1,Carlota O’Neill,Calle Carlota O'Neill nº 32,5900.2
Instalación Deportiva Municipal Básica Plaza Arturo Barea,PLAZA Arturo Barea ,Segovia 26,Calle Segovia nº 26,172.79
Instalación Deportiva Municipal Básica Plaza Colonia Oroquieta,CARRETERA ANDALUCIA S/N C/V CARRETERA VILLAVERDE A VALLECAS,Embajadores 191,Calle Sodio nº 1B,4080.45
Instalación Deportiva Municipal Básica Plaza Fonsagrada,PLAZA FONSAGRADA 6,Pedro Rico,Calle Pedro Rico nº 4,1699.17
Instalación Deportiva Municipal Básica Plaza Munguía,PLAZA MUNGUIA 1 Poblado dirigido Orcasitas,Glorieta de Cádiz,Calle Antonio López nº 129,2238.49
Instalación Deportiva Municipal Básica Plaza Vallandes,CALLE CALESAS 4,Antonio López,Calle Eugenio Caxes frente al nº 12,204.28
Instalación Deportiva Municipal Básica Plaza de Arteijo,PLAZA ARTEIJO 10,Pedro Rico,Calle Pedro Rico nº 4,1573.53
Instalación Deportiva Municipal Básica Plaza de Bami - Benidorm,CALLE JOSE VILLENA  esq. Benidorm - Plaza de Bami,Puente de Ventas,Avenida de Daroca nº 2,308.32
Instalación Deportiva Municipal Básica Plaza de María Soledad Torres Acosta,PLAZA María Soledad Torres Acosta ,Segovia 26,Calle Segovia nº 26,172.79
Instalación Deportiva Municipal Básica Plaza de Sestao,PLAZA SESTAO 1,Glorieta de Cádiz,Calle Antonio López nº 129,2505.2
Instalación Deportiva Municipal Básica Plaza de la Orotava,PLAZA LA OROTAVA 1,Gutierre de Cetina,Calle Gutierre de Cetina nº 77,630.75
Instalación Deportiva Municipal Básica Plaza del Campillo de Mundo Nuevo,PLAZA Campillo del Mundo Nuevo ,Segovia 26,Calle Segovia nº 26,172.79
Instalación Deportiva Municipal Básica Pobladura del Valle,CALLE POBLADURA DEL VALLE s/n c/v Amposta,Gutierre de Cetina,Calle Gutierre de Cetina nº 77,1788.37
Instalación Deportiva Municipal Básica Poeta Esteban Villegas,CALLE POETA ESTEBAN DE VILLEGAS 4,Menéndez Pelayo,Avenida de Menéndez Pelayo con calle Poeta Esteban Villegas,395.05
Instalación Deportiva Municipal Básica Polígono 20 - Padre Claret,CALLE PADRE CLARET 18,Corazón de María,Calle Santa Hortensia nº 31,641.34
Instalación Deportiva Municipal Básica Polígono de las Rosas,CALLE HELSINKI 8 c/v Oslo,Gutierre de Cetina,Calle Gutierre de Cetina nº 77,3247.08
Instalación Deportiva Municipal Básica Polígono de África,CALLE VILLAESCUSA 56,Gutierre de Cetina,Calle Gutierre de Cetina nº 77,1413.04
Instalación Deportiva Municipal Básica Pradillo,CALLE PRADILLO 23,Parque Berlín,Avenida de Concha Espina nº 34,511.35
Instalación Deportiva Municipal Básica Pueblo Nuevo II,CALLE ASCAO  esq. Luis Ruiz,Gutierre de Cetina,Calle Gutierre de Cetina nº 77,221.46
Instalación Deportiva Municipal Básica Puente Ventas,CALLE VIRGEN DE LA PAZ 7 y 9,Puente de Ventas,Avenida de Daroca nº 2,131.6
Instalación Deportiva Municipal Básica Puerto Balbarán,CALLE PUERTO DE BALBARAN 4,Concordia,Calle Arroyo del Olivar nº 6,1757.9
Instalación Deportiva Municipal Básica Puerto Corlite,CALLE PUERTO DE CORLITE 7,Concordia,Calle Arroyo del Olivar nº 6,1325.1
Instalación Deportiva Municipal Básica Puerto Lumbreras,CALLE PUERTO DE LUMBRERAS,Pavones,Calle Hacienda de Pavones nº 342,2443.55
Instalación Deportiva Municipal Básica Puerto Monasterio (cubierta de P.A.R.),CALLE PUERTO DEL MONASTERIO 17,Concordia,Calle Arroyo del Olivar nº 6,190.16
Instalación Deportiva Municipal Básica Puerto Rico,CALLE PUERTO RICO 54 c/v Guatemala,Colombia,Calle Colombia nº 7,276.45
Instalación Deportiva Municipal Básica Puerto Rico - C.D. Alzola,CALLE GAINZA 20,Glorieta de Cádiz,Calle Antonio López nº 129,2721.74
Instalación Deportiva Municipal Básica Puerto Velate,CALLE PUERTO DE VELATE 9,Concordia,Calle Arroyo del Olivar nº 6,1389.65
Instalación Deportiva Municipal Básica Puerto de Béjar,CALLE PUERTO DE BEJAR 7,Embajadores 191,Calle Sodio nº 1B,317.85
Instalación Deportiva Municipal Básica Puerto de Costabona,CALLE PUERTO DE COSTABONA 7,Concordia,Calle Arroyo del Olivar nº 6,1107.2
Instalación Deportiva Municipal Básica Pádel - Madrid Las Tablas,AVENIDA CAMINO DE SANTIAGO 25,Pedro Rico,Calle Pedro Rico nº 4,2695.49
Instalación Deportiva Municipal Básica Quinta de Los Molinos I,"CALLE ALCALA 535,c/vAvenida25Septiembre",Gutierre de Cetina,Calle Gutierre de Cetina nº 77,1946.9
Instalación Deportiva Municipal Básica Quinta de Los Molinos II,"CALLE IQUITOS 1c/vcalleAlcalá,535",C.D. Concepción,Calle Jose del Hierro nº 5,1300.53
Instalación Deportiva Municipal Básica Ramírez de Prado,CALLE RAMIREZ DE PRADO 2,Juan Martín,Calle Juan Martín el Empecinado nº 16,194.42
Instalación Deportiva Municipal Básica Ramón Gómez de la Serna,CALLE RAMON GOMEZ DE LA SERNA 22 c/v Valle de Pinares Llanos y Riscos de Polanco,Pedro Rico,Calle Pedro Rico nº 4,3100.44
Instalación Deportiva Municipal Básica Ramón Pérez de Ayala,CALLE RAMON PEREZ DE AYALA 80,Plaza del Encuentro,Calle Arroyo de las Pilillas nº 6,694.9
Instalación Deportiva Municipal Básica Rancho del Cordobés,CALLE PINSAPO 3,Glorieta de Cádiz,Calle Antonio López nº 129,2344.1
Instalación Deportiva Municipal Básica Recinto Ferial San Antonio de la Florida,GLORIETA SAN ANTONIO DE LA FLORIDA S/N en el Recinto Ferial,Paseo de la Florida,Paseo de la Florida nº 8,514.4
Instalación Deportiva Municipal Básica Ricardo Damas,CALLE RICARDO DAMAS 4,Embajadores 191,Calle Sodio nº 1B,479.59
Instalación Deportiva Municipal Básica Rodríguez Sahagún (Campo de Fútbol),PASEO DIRECCION 302,Remonta,Calle Azucenas nº 1,1024.64
Instalación Deportiva Municipal Básica Rodríguez Sahagún I (Capitán Blanco Argibay),CALLE CAPITAN BLANCO ARGIBAY 173,Remonta,Calle Azucenas nº 1,1377.74
Instalación Deportiva Municipal Básica Rodríguez Sahagún II (Los Pinos),CALLE SINESIO DELGADO 30,Torre Cepsa,Calle Sinesio Delgado nº 2,32.31
Instalación Deportiva Municipal Básica Ronda Sur,RONDA SUR 231 c/v Barros,Concordia,Calle Arroyo del Olivar nº 6,2259.12
Instalación Deportiva Municipal Básica Rosa Jardón,CALLE ROSA JARDON 11,Pío XII,Avenida Pío XII nº 3,896.88
Instalación Deportiva Municipal Básica San Anselmo,CALLE SAN ANSELMO 8,Concordia,Calle Arroyo del Olivar nº 6,1261.84
Instalación Deportiva Municipal Básica San Aureliano,CALLE SAN AURELIANO s/n,Glorieta de Cádiz,Calle Antonio López nº 129,5328.67
Instalación Deportiva Municipal Básica San Benigno,CALLE SAN BENIGNO 3,Caramuel,Calle Caramuel nº 51,882.35
Instalación Deportiva Municipal Básica San Cristóbal de Los Ángeles II,CALLE GODELLA 48,Embajadores 191,Calle Sodio nº 1B,5091.59
Instalación Deportiva Municipal Básica San Cristóbal de Los Ángeles III,CALLE MONCADA 123,Embajadores 191,Calle Sodio nº 1B,5514.18
Instalación Deportiva Municipal Básica San Juan Bautista - Cidamón,CALLE AGASTIA  esq. Cidamón,Condesa de Venadito,Calle Condesa de Venadito nº 2,915.75
Instalación Deportiva Municipal Básica San Lamberto,CALLE SAN LAMBERTO 20 P.A.R.,Marqués de Corbera 12,Avenida Marqués de Corbera nº 12,409.58
Instalación Deportiva Municipal Básica San Pascual,CALLE ESTEBAN MORA S/N esq. Derechos Humanos,Derechos Humanos,Calle Derechos Humanos nº 12,139.39
Instalación Deportiva Municipal Básica San Pol,CALLE SAN POL DE MAR 7,Paseo de la Florida,Paseo de la Florida nº 8,430.56
Instalación Deportiva Municipal Básica Sanchinarro I,CALLE INFANTA CATALINA MICAELA 33,Manuel Caldeiro,Paseo de la Castellana nº 298,2979.94
Instalación Deportiva Municipal Básica Sanchinarro II,CALLE INFANTA CATALINA MICAELA 23,Manuel Caldeiro,Paseo de la Castellana nº 298,2798.72
Instalación Deportiva Municipal Básica Sanchinarro III,CALLE MARIA TUDOR 10,Manuel Caldeiro,Paseo de la Castellana nº 298,2558.11
Instalación Deportiva Municipal Básica Sanchinarro IV,AVENIDA NICETO ALCALA ZAMORA 12,Manuel Caldeiro,Paseo de la Castellana nº 298,3532.11
Instalación Deportiva Municipal Básica Sanchorreja,CALLE SANCHORREJA 8,Caramuel,Calle Caramuel nº 51,2476.1
Instalación Deportiva Municipal Básica Santa Ana I,CALLE HOSPITALET DE LLOBREGAT 11 c/v Travesía Hospitalet de Llobregat,Pedro Rico,Calle Pedro Rico nº 4,1583.56
Instalación Deportiva Municipal Básica Santa Ana II,PASEO ALAMEDILLAS 2,Pedro Rico,Calle Pedro Rico nº 4,1944.01
Instalación Deportiva Municipal Básica Santa Hortensia,CALLE SANTA HORTENSIA 34,Corazón de María,Calle Santa Hortensia nº 31,161.2
Instalación Deportiva Municipal Básica Santa Marca,CALLE PRADILLO 23,Parque Berlín,Avenida de Concha Espina nº 34,511.35
Instalación Deportiva Municipal Básica Santa Petronila,CARRETERA ANDALUCIA S/N SANTA PETRONILA,Embajadores 191,Calle Sodio nº 1B,4554.01
Instalación Deportiva Municipal Básica Santa Rita,CALLE ALBA DE TORMES 2,Marqués de Vadillo,Glorieta Marqués de Vadillo nº 9,3050.7
Instalación Deportiva Municipal Básica Santa Virgilia,CALLE SANTA VIRGILIA 17,Pío XII,Avenida Pío XII nº 3,3511.93
Instalación Deportiva Municipal Básica Santuario de Valverde (Montecarmenlo),AVENIDA SANTUARIO DE VALVERDE 41,Pedro Rico,Calle Pedro Rico nº 4,2998.25
Instalación Deportiva Municipal Básica Sepúlveda,CALLE SEPULVEDA 220,Caramuel,Calle Caramuel nº 51,2583.14
Instalación Deportiva Municipal Básica Seseña,"CALLE SESEÑA 2 c/v Calle Valmojado, 2",Caramuel,Calle Caramuel nº 51,2783.58
Instalación Deportiva Municipal Básica Sierra Elvira,CALLE SIERRA ELVIRA 37 Posterior,Doctor Lozano,Calle Sierra Toledana nº 33,296.52
Instalación Deportiva Municipal Básica Sierra del Valle,CALLE ARROYO DEL OLIVAR 96,Concordia,Calle Arroyo del Olivar nº 6,669.64
Instalación Deportiva Municipal Básica Sinesio Delgado,CALLE ISLA DE OZA 61,Francos Rodríguez,Calle Francos Rodríguez nº 62,1366.28
Instalación Deportiva Municipal Básica Soto Hidalgo,CALLE RIAÑO 1,Carlota O’Neill,Calle Carlota O'Neill nº 32,6199.49
Instalación Deportiva Municipal Básica Talbot,CALLE TALBOT 3,Glorieta de Cádiz,Calle Antonio López nº 129,2712.91
Instalación Deportiva Municipal Básica Telémaco,CALLE TELEMACO s/n,Carlota O’Neill,Calle Carlota O'Neill nº 32,931.93
Instalación Deportiva Municipal Básica Tercio Terol,CALLE CHINDASVINTO  c/v Tulga,Marqués de Vadillo,Glorieta Marqués de Vadillo nº 9,1112.1
Instalación Deportiva Municipal Básica Torrelaguna (La Colina),CALLE TORRELAGUNA  esq. Normas,Corazón de María,Calle Santa Hortensia nº 31,1115.62
Instalación Deportiva Municipal Básica Tres Olivos I Pádel,CALLE CUEVA DE MONTESINOS 27,Pedro Rico,Calle Pedro Rico nº 4,1998.4
Instalación Deportiva Municipal Básica Tres Olivos II,AVENIDA CAMPO DE CALATRAVA 3 c/v Alonso Quijano y Afueras a Valverde,Pedro Rico,Calle Pedro Rico nº 4,2197.87
Instalación Deportiva Municipal Básica Tribaldos I,CALLE TRIBALDOS 37 junto a la iglesia,Carlota O’Neill,Calle Carlota O'Neill nº 32,2719.21
Instalación Deportiva Municipal Básica Tribaldos II,CALLE TRIBALDOS 34,Carlota O’Neill,Calle Carlota O'Neill nº 32,2898.17
Instalación Deportiva Municipal Básica Trinquete,CALLE VELACHO BAJO 3,Pío XII,Avenida Pío XII nº 3,2095.19
Instalación Deportiva Municipal Básica UVA Pan Bendito,UVA PAN BENDITO ,Marqués de Vadillo,Glorieta Marqués de Vadillo nº 9,2965.58
Instalación Deportiva Municipal Básica UVA de Vallecas,CALLE MONTE DE MONTJUICH 9 C/ Sierra Gorda,Pavones,Calle Hacienda de Pavones nº 342,2717.13
Instalación Deportiva Municipal Básica Urbanización Arroyo del Santo,AVENIDA PRUNOS 100,Carlota O’Neill,Calle Carlota O'Neill nº 32,2864.09
Instalación Deportiva Municipal Básica Urbis,AVENIDA DOCTOR GARCIA TAPIA 117 esquina Avd. Moratalaz,Marroquina,Calle Camino de los Vinateros nº 108,507.5
Instalación Deportiva Municipal Básica Valdebebas,CALLE JOSE ANTONIO FERNANDEZ ORDOÑEZ 25,Carlota O’Neill,Calle Carlota O'Neill nº 32,6288.77
Instalación Deportiva Municipal Básica Valdebernardo,CALLE CORDEL DE PAVONES 9,Pavones,Calle Hacienda de Pavones nº 342,1369.75
Instalación Deportiva Municipal Básica Valdelasierra,CALLE VALDELASIERRA 7,Madrid Río-Yeserías,Paseo de Yeserías nº 45,80.56
Instalación Deportiva Municipal Básica Valderriba,AVENIDA GRAN VIA DEL ESTE 14,Pavones,Calle Hacienda de Pavones nº 342,3105.87
Instalación Deportiva Municipal Básica Valderromán,CALLE VALDERROMAN 22,Francos Rodríguez,Calle Francos Rodríguez nº 62,1951.16
Instalación Deportiva Municipal Básica Valdetorres,"CALLE VALDETORRES DE JARAMA 29 Estrecho Ormuz, 6",Carlota O’Neill,Calle Carlota O'Neill nº 32,3023.24
Instalación Deportiva Municipal Básica Valdeyeros,CALLE ROSALIA DE CASTRO 77,Francos Rodríguez,Calle Francos Rodríguez nº 62,3576.2
Instalación Deportiva Municipal Básica Valle Inclán,CALLE VALLE INCLÁN  C/V Aldeanueva de la Vera,Caramuel,Calle Caramuel nº 51,5136.78
Instalación Deportiva Municipal Básica Vereda de Ganapanes,CALLE BECERREA 4 c/v Sinesio Delgado,Remonta,Calle Azucenas nº 1,1618.28
Instalación Deportiva Municipal Básica Via Lusitana,CALLE VIA LUSITANA 19 Parque Sur,Marqués de Vadillo,Glorieta Marqués de Vadillo nº 9,2522.51
Instalación Deportiva Municipal Básica Villa de Pons - Avenida de San Luis,AVENIDA SAN LUIS 23,Pío XII,Avenida Pío XII nº 3,2264.71
Instalación Deportiva Municipal Básica Villabona,CALLE VILLABONA 4,Glorieta de Cádiz,Calle Antonio López nº 129,2546.71
Instalación Deportiva Municipal Básica Villalonso,CALLE VILLALONSO 8,Glorieta de Cádiz,Calle Antonio López nº 129,4421.45
Instalación Deportiva Municipal Básica Virgen de la Estrella,PLAZUELA VIRGEN DE LA ESTRELLA 1,Niño Jesús,Calle Doctor Esquerdo nº 161,138.02
Instalación Deportiva Municipal Básica Virgen del Cortijo - A.D. Oña Sanchinarro,CALLE OÑA 18,Manuel Caldeiro,Paseo de la Castellana nº 298,2230.98
Instalación Deportiva Municipal Básica Vital Aza,CALLE VITAL AZA  esq. Ezequiel Solana,Gutierre de Cetina,Calle Gutierre de Cetina nº 77,337.03
Instalación Deportiva Municipal Básica Yeserías I,PASEO YESERIAS 1,Pirámides,Calle Toledo nº 181,144.87
Instalación Deportiva Municipal Básica Zazuar,CALLE ZAZUAR 1 c/v Avda. Mediterráneo,Pavones,Calle Hacienda de Pavones nº 342,3162.23
Instalación Deportiva Municipal Básica de Ribadeo y Verín,PLAZAS INTERIORES ENTRE PLAZA RIBADEO 1 Y PLAZA VERIN,Pedro Rico,Calle Pedro Rico nº 4,1924.95
Instalación Deportiva Municipal Básica del Poblado Dirigido (Olesa de Montserrat),AVENIDA CARDENAL HERRERA ORIA 108,Pedro Rico,Calle Pedro Rico nº 4,1168.79
Instalación Deportiva Municipal Básica paseo de la Vaguada,PASEO VAGUADA 13,Pedro Rico,Calle Pedro Rico nº 4,1934.02
Instalación Deportiva Municipal Básica poblado de Santa Ana,CALLE Braille 15,Pedro Rico,Calle Pedro Rico nº 4,1583.71
Instalación Deportiva Municipal Canal de Remo Puente de la Princesa,PASARELA SUR DEL PUENTE DE LA PRINCESA ,Glorieta de Cádiz,Calle Antonio López nº 129,257.8
Instalación Deportiva Municipal Embajadores M-30,CALLE PUERTO DE LA CRUZ VERDE 29,Embajadores 191,Calle Sodio nº 1B,682.84
Instalación Deportiva Municipal Nave de Terneras,PASEO CHOPERA 10,Entrada Matadero,Paseo de la Chopera nº 14,101.29
Instalación Deportiva Municipal Parque Calle Vado,CALLE ANTONIO LOPEZ C/V CALLE VADO 189 c/v Vado,Glorieta de Cádiz,Calle Antonio López nº 129,476.33
Instalación Deportiva Municipal Parque Lineal del Manzanares - Victoriano González,CALLE EMBAJADORES 324,Embajadores 191,Calle Sodio nº 1B,1833.89
Instalación Deportiva Municipal Puente de Praga,AVENIDA MANZANARES 176,San Delfín,Calle San Delfín nº 9,126.56
Instalación Deportiva Municipal Pádel  Marqués de Monistrol,CALLE RIBERA DEL MANZANARES 1,Paseo de la Florida,Paseo de la Florida nº 8,162.99
Instalación Deportiva Municipal Rocódromo 'Roc 30',AVENIDA MANZANARES 108,Marqués de Vadillo,Glorieta Marqués de Vadillo nº 9,220.83
Instalación deportiva municipal básica Campo de Fútbol Gabriel Fernández,CALLE CUART DE POBLET 6,Caramuel,Calle Caramuel nº 51,2379.11
Parque Lineal UZI 0.06 Arroyofresno,CALLE MARIA DE MAEZTU 1,Pedro Rico,Calle Pedro Rico nº 4,3815.02
Pista de Patinaje Paco de Lucía,AUDITORIO PACO DE LUCIA ,Caramuel,Calle Caramuel nº 51,4017.12
Pista de petanca Centro de Mayores La Vaguada,AVENIDA MONFORTE DE LEMOS 36,Pedro Rico,Calle Pedro Rico nº 4,1690.24
